[
  {
    "id": "0xeeeeeeeeeeeeeeeeeeeeeeeeeeeeeeeeeeeeeeee",
    "symbol": "ETH",
    "name": "Ethereum",
    "icon": "https://cdn.sushi.com/image/upload/f_auto,c_limit,w_48/d_unknown.png/native-currency/ethereum.svg",
    "isCommon": true,
    "price": 3250.5,
    "network": "ethereum"
  },
  {
    "id": "0xc02aaa39b223fe8d0a0e5c4f27ead9083c756cc2",
    "symbol": "WETH",
    "name": "Wrapped Ether",
    "icon": "https://cdn.sushi.com/image/upload/f_auto,c_limit,w_48/d_unknown.png/tokens/1/0xc02aaa39b223fe8d0a0e5c4f27ead9083c756cc2.jpg",
    "isCommon": true,
    "price": 3250.5,
    "network": "ethereum"
  },
  {
    "id": "0xa0b86991c6218b36c1d19d4a2e9eb0ce3606eb48",
    "symbol": "USDC",
    "name": "USD Coin",
    "icon": "https://cdn.sushi.com/image/upload/f_auto,c_limit,w_48/d_unknown.png/tokens/1/0xa0b86991c6218b36c1d19d4a2e9eb0ce3606eb48.jpg",
    "isCommon": true,
    "price": 1,
    "network": "ethereum"
  },
  {
    "id": "0xdac17f958d2ee523a2206206994597c13d831ec7",
    "symbol": "USDT",
    "name": "Tether USD",
    "icon": "https://cdn.sushi.com/image/upload/f_auto,c_limit,w_48/d_unknown.png/tokens/1/0xdac17f958d2ee523a2206206994597c13d831ec7.jpg",
    "isCommon": true,
    "price": 1,
    "network": "ethereum"
  },
  {
    "id": "0x2260fac5e5542a773aa44fbcfedf7c193bc2c599",
    "symbol": "WBTC",
    "name": "Wrapped BTC",
    "icon": "https://cdn.sushi.com/image/upload/f_auto,c_limit,w_48/d_unknown.png/tokens/1/0x2260fac5e5542a773aa44fbcfedf7c193bc2c599.jpg",
    "isCommon": true,
    "price": 64000,
    "network": "ethereum"
  },
  {
    "id": "0x514910771af9ca656af840dff83e8264ecf986ca",
    "symbol": "LINK",
    "name": "ChainLink Token",
    "icon": "https://cdn.sushi.com/image/upload/f_auto,c_limit,w_96/d_unknown.png/tokens/1/0x514910771af9ca656af840dff83e8264ecf986ca.jpg",
    "price": 18.5,
    "network": "ethereum"
  },
  {
    "id": "0x1f9840a85d5af5bf1d1762f925bdaddc4201f984",
    "symbol": "UNI",
    "name": "Uniswap",
    "icon": "https://cdn.sushi.com/image/upload/f_auto,c_limit,w_96/d_unknown.png/tokens/1/0x1f9840a85d5af5bf1d1762f925bdaddc4201f984.jpg",
    "price": 10.2,
    "network": "ethereum"
  },
  {
    "id": "native-bnb",
    "symbol": "BNB",
    "name": "BNB",
    "icon": "https://tokens.pancakeswap.finance/images/symbol/bnb.png",
    "isCommon": true,
    "price": 580,
    "network": "bnb"
  },
  {
    "id": "0xbb4cdb9cbd36b01bd1cbaebf2de08d9173bc095c",
    "symbol": "WBNB",
    "name": "Wrapped BNB",
    "icon": "https://tokens.pancakeswap.finance/images/symbol/wbnb.png",
    "isCommon": true,
    "price": 580,
    "network": "bnb"
  },
  {
    "id": "0x55d398326f99059ff775485246999027b3197955",
    "symbol": "USDT",
    "name": "Tether USD (BSC)",
    "icon": "https://tokens.pancakeswap.finance/images/symbol/usdt.png",
    "isCommon": true,
    "price": 1,
    "network": "bnb"
  },
  {
    "id": "0x8ac76a51cc950d9822d68b83fe1ad97b32cd580d",
    "symbol": "USDC",
    "name": "USD Coin (BSC)",
    "icon": "https://tokens.pancakeswap.finance/images/symbol/usdc.png",
    "isCommon": true,
    "price": 1,
    "network": "bnb"
  },
  {
    "id": "0x0e09fabb73bd3ade0a17ecc321fd13a19e81ce82",
    "symbol": "CAKE",
    "name": "PancakeSwap",
    "icon": "https://tokens.pancakeswap.finance/images/symbol/cake.png",
    "isCommon": true,
    "price": 2.5,
    "network": "bnb"
  },
  {
    "id": "native-matic",
    "symbol": "MATIC",
    "name": "Polygon",
    "icon": "https://raw.githubusercontent.com/maticnetwork/polygon-token-assets/main/assets/tokenAssets/matic.svg",
    "isCommon": true,
    "price": 0.85,
    "network": "polygon"
  },
  {
    "id": "0x0d500b1d8e8ef31e21c99d1db9a6444d3adf1270",
    "symbol": "WMATIC",
    "name": "Wrapped MATIC",
    "icon": "https://raw.githubusercontent.com/maticnetwork/polygon-token-assets/main/assets/tokenAssets/wmatic.svg",
    "isCommon": true,
    "price": 0.85,
    "network": "polygon"
  },
  {
    "id": "0xc2132d05d31c914a87c6611c10748aeb04b58e8f",
    "symbol": "USDT",
    "name": "Tether USD (Polygon)",
    "icon": "https://raw.githubusercontent.com/maticnetwork/polygon-token-assets/main/assets/tokenAssets/usdt.svg",
    "isCommon": true,
    "price": 1,
    "network": "polygon"
  },
  {
    "id": "0x2791bca1f2de4661ed88a30c99a7a9449aa84174",
    "symbol": "USDC",
    "name": "USD Coin (Polygon)",
    "icon": "https://raw.githubusercontent.com/maticnetwork/polygon-token-assets/main/assets/tokenAssets/usdc.svg",
    "isCommon": true,
    "price": 1,
    "network": "polygon"
  },
  {
    "id": "So11111111111111111111111111111111111111112",
    "symbol": "SOL",
    "name": "Solana",
    "icon": "https://raw.githubusercontent.com/solana-labs/token-list/main/assets/mainnet/So11111111111111111111111111111111111111112/logo.png",
    "isCommon": true,
    "price": 175,
    "network": "solana"
  },
  {
    "id": "Es9vMFrzaCERmJfrF4H2FYD4KCoNkY11McCe8BenwNYB",
    "symbol": "USDT",
    "name": "Tether USD (Solana)",
    "icon": "https://raw.githubusercontent.com/solana-labs/token-list/main/assets/mainnet/Es9vMFrzaCERmJfrF4H2FYD4KCoNkY11McCe8BenwNYB/logo.svg",
    "isCommon": true,
    "price": 1,
    "network": "solana"
  },
  {
    "id": "EPjFWdd5AufqSSqeM2qN1xzybapC8G4wEGGkZwyTDt1v",
    "symbol": "USDC",
    "name": "USD Coin (Solana)",
    "icon": "https://raw.githubusercontent.com/solana-labs/token-list/main/assets/mainnet/EPjFWdd5AufqSSqeM2qN1xzybapC8G4wEGGkZwyTDt1v/logo.png",
    "isCommon": true,
    "price": 1,
    "network": "solana"
  },
  {
    "id": "JUPyiwrYJFskUPiHa7hkeR8VUtAeFoSYbKedZNsDvCN",
    "symbol": "JUP",
    "name": "Jupiter",
    "icon": "https://static.jup.ag/jup/icon.png",
    "isCommon": true,
    "price": 0.95,
    "network": "solana"
  },
  {
    "id": "2dj9EhzN8YZ7YSYQKspRAzdB5sWNEkUsRa5Pm1AQbSGT",
    "symbol": "BNT",
    "name": "Bandit",
    "icon": "/bandit-mascot.png",
    "isCommon": true,
    "isFeatured": true,
    "isAirdrop": true,
    "price": 0.001,
    "network": "solana",
    "description": "Join the Bandit Chief army! Claim your $BNT airdrop by participating in swaps.",
    "airdropAmount": 50000
  },
  {
    "id": "HGEI_TOKEN_ADDRESS",
    "symbol": "HGEI",
    "name": "HGEI Token",
    "icon": "https://raw.githubusercontent.com/spothq/cryptocurrency-icons/master/svg/color/generic.svg",
    "isCommon": true,
    "price": 0.0001,
    "network": "solana",
    "description": "Community token on Solana"
  }
]
