[
  {
    "id": 1748450506524,
    "wallet": "0x8498D291c8c35b114382D1d66DFBf1d545E5206E",
    "method": "usdt",
    "filePath": "http://localhost:5000/uploads/1748450506515-WIN_20240912_10_39_05_Pro.jpg",
    "status": "received",
    "conversionStatus": "delayed",
    "conversionStart": 1748453410394
  },
  {
    "id": 1748450918350,
    "wallet": "0x8498D291c8c35b114382D1d66DFBf1d545E5206E",
    "method": "btc",
    "filePath": "http://localhost:5000/uploads/1748450918343-IMG-20241124-WA0015[1].jpg",
    "status": "received",
    "conversionStatus": "in_progress"
  },
  {
    "id": 1748452215640,
    "wallet": "0x8498D291c8c35b114382D1d66DFBf1d545E5206E",
    "method": "usdt",
    "filePath": "http://localhost:5000/uploads/1748452215633-mainpage_20250223-121919.png",
    "status": "received",
    "conversionStatus": "in_progress"
  },
  {
    "id": 1748453400269,
    "wallet": "0x8498D291c8c35b114382D1d66DFBf1d545E5206E",
    "method": "usdt",
    "filePath": "http://localhost:5000/uploads/1748453400253-Screenshot_20250223-122059.png",
    "status": "received",
    "conversionStatus": "in_progress"
  },
  {
    "id": 1748530626820,
    "wallet": "0x8498D291c8c35b114382D1d66DFBf1d545E5206E",
    "method": "usdt",
    "filePath": "http://localhost:5000/uploads/1748530626812-2025-05-29 15_43_01-screenrec.png",
    "status": "pending"
  },
  {
    "id": 1748541869917,
    "wallet": "dsd",
    "method": "usdt",
    "filePath": "http://localhost:5000/uploads/1748541869902-2025-05-29 17_12_59-Window.png",
    "status": "received",
    "conversionStatus": "in_progress"
  },
  {
    "id": 1748542138552,
    "wallet": "sas",
    "method": "usdt",
    "filePath": "http://localhost:5000/uploads/1748542138542-2025-05-29 17_10_07-.png",
    "status": "pending"
  },
  {
    "id": 1748542198679,
    "wallet": "0x8498D291c8c35b114382D1d66DFBf1d545E5206E",
    "method": "usdt",
    "filePath": "http://localhost:5000/uploads/1748542198629-2025-05-29 17_10_29-.png",
    "status": "received",
    "conversionStatus": "in_progress"
  },
  {
    "id": 1748542305990,
    "wallet": "0x8498D291c8c35b114382D1d66DFBf1d545E5206E",
    "method": "usdt",
    "filePath": "http://localhost:5000/uploads/1748542305980-2025-05-29 16_11_47-Greenshot.png",
    "status": "pending"
  },
  {
    "id": 1748613681293,
    "wallet": "0x8498D291c8c35b114382D1d66DFBf1d545E5206E",
    "method": "usdt",
    "filePath": "http://localhost:5000/uploads/1748613681288-2025-05-30 14_59_50-Home _ FanToken Swap.png",
    "status": "pending"
  },
  {
    "id": 1748614154166,
    "wallet": "0x8498D291c8c35b114382D1d66DFBf1d545E5206E",
    "method": "usdt",
    "filePath": "http://localhost:5000/uploads/1748614154159-2025-05-29 17_14_42-Window.png",
    "status": "pending"
  },
  {
    "id": 1748614155781,
    "wallet": "0x8498D291c8c35b114382D1d66DFBf1d545E5206E",
    "method": "usdt",
    "filePath": "http://localhost:5000/uploads/1748614155777-2025-05-29 17_14_42-Window.png",
    "status": "pending"
  },
  {
    "id": 1748614918786,
    "wallet": "0x8498D291c8c35b114382D1d66DFBf1d545E5206E",
    "method": "usdt",
    "filePath": "http://localhost:5000/uploads/1748614918782-2025-05-29 17_14_42-Window.png",
    "status": "pending"
  },
  {
    "id": 1748616386945,
    "wallet": "0x8498D291c8c35b114382D1d66DFBf1d545E5206E",
    "method": "usdt",
    "filePath": "http://localhost:5000/uploads/1748616386943-2025-05-30 15_22_44-Home _ FanToken Swap.png",
    "status": "pending"
  },
  {
    "id": 1748616792019,
    "wallet": "0x8498D291c8c35b114382D1d66DFBf1d545E5206E",
    "method": "usdt",
    "filePath": "http://localhost:5000/uploads/1748616792014-2025-05-29 19_21_43-.png",
    "status": "pending"
  },
  {
    "id": 1748616854452,
    "wallet": "0x8498D291c8c35b114382D1d66DFBf1d545E5206E",
    "method": "usdt",
    "filePath": "http://localhost:5000/uploads/1748616854451-2025-05-30 14_40_27-Home _ FanToken Swap.png",
    "status": "pending"
  },
  {
    "id": 1748616977099,
    "wallet": "0x8498D291c8c35b114382D1d66DFBf1d545E5206E",
    "method": "usdt",
    "filePath": "http://localhost:5000/uploads/1748616977088-2025-05-29 16_11_12-Greenshot.png",
    "status": "pending"
  },
  {
    "id": 1748617038120,
    "wallet": "0x8498D291c8c35b114382D1d66DFBf1d545E5206E",
    "method": "usdt",
    "filePath": "http://localhost:5000/uploads/1748617038118-2025-05-29 16_11_12-Greenshot.png",
    "status": "pending"
  },
  {
    "id": 1748617223953,
    "wallet": "0x8498D291c8c35b114382D1d66DFBf1d545E5206E",
    "method": "usdt",
    "filePath": "http://localhost:5000/uploads/1748617223951-2025-05-29 19_21_43-.png",
    "status": "pending"
  },
  {
    "id": 1748617351160,
    "wallet": "0x8498D291c8c35b114382D1d66DFBf1d545E5206E",
    "method": "usdt",
    "filePath": "http://localhost:5000/uploads/1748617351159-2025-05-29 17_14_42-Window.png",
    "status": "pending"
  },
  {
    "id": 1748617409792,
    "wallet": "0x8498D291c8c35b114382D1d66DFBf1d545E5206E",
    "method": "usdt",
    "filePath": "http://localhost:5000/uploads/1748617409781-2025-05-29 16_11_42-Greenshot.png",
    "status": "pending"
  },
  {
    "id": 1748617430240,
    "wallet": "0x8498D291c8c35b114382D1d66DFBf1d545E5206E",
    "method": "btc",
    "filePath": "http://localhost:5000/uploads/1748617430237-2025-05-29 17_10_29-.png",
    "status": "pending"
  },
  {
    "id": 1765122211066,
    "wallet": "0x7667",
    "method": "usdt",
    "filePath": "http://localhost:5000/uploads/1765122211057-2025-12-06 07_55_30-.png",
    "status": "pending"
  },
  {
    "id": 1765203241184,
    "wallet": "0x44",
    "method": "usdt",
    "filePath": "http://localhost:5000/uploads/1765203241177-WhatsApp Image 2025-12-05 at 10.24.41 AM.jpeg",
    "status": "pending"
  },
  {
    "id": 1765207811882,
    "wallet": "0x8498D291c8c35b114382D1d66DFBf1d545E5206E",
    "method": "usdt",
    "filePath": "http://localhost:5000/uploads/1765207811869-WhatsApp Image 2025-12-05 at 10.24.41 AM.jpeg",
    "status": "completed"
  },
  {
    "id": 1765209306883,
    "wallet": "0x8498D291c8c35b114382D1d66DFBf1d545E5206E",
    "method": "usdt",
    "filePath": "http://localhost:5000/uploads/1765209306881-WhatsApp Image 2025-12-05 at 10.24.41 AM.jpeg",
    "status": "delayed"
  },
  {
    "id": 1765213020297,
    "wallet": "ox97745",
    "method": "usdt",
    "filePath": "http://localhost:5000/uploads/1765213020256-Gemini_Generated_Image_yd6aisyd6aisyd6a.png",
    "status": "received",
    "conversionStatus": "delayed",
    "conversionStart": 1765221232074
  },
  {
    "id": 1765280741094,
    "wallet": "0x56665",
    "method": "usdt",
    "filePath": "http://localhost:5000/uploads/1765280741085-2025-12-06 09_44_00-666 778 142 - AnyDesk.png",
    "status": "delayed"
  }
]